{
  "HTTP Request-Blog-Fashion" : {
    "transaction" : "HTTP Request-Blog-Fashion",
    "sampleCount" : 50,
    "errorCount" : 0,
    "errorPct" : 0.0,
    "meanResTime" : 8226.439999999997,
    "minResTime" : 3811.0,
    "maxResTime" : 15863.0,
    "pct1ResTime" : 14511.599999999999,
    "pct2ResTime" : 15398.099999999999,
    "pct3ResTime" : 15863.0,
    "throughput" : 0.5862626925872946,
    "receivedKBytesPerSec" : 30.139284107297797,
    "sentKBytesPerSec" : 0.19923771193396336
  },
  "HTTP Request-Store-1" : {
    "transaction" : "HTTP Request-Store-1",
    "sampleCount" : 50,
    "errorCount" : 0,
    "errorPct" : 0.0,
    "meanResTime" : 6599.82,
    "minResTime" : 1994.0,
    "maxResTime" : 11807.0,
    "pct1ResTime" : 9649.5,
    "pct2ResTime" : 10865.249999999998,
    "pct3ResTime" : 11807.0,
    "throughput" : 0.8029806642256054,
    "receivedKBytesPerSec" : 70.93437088472409,
    "sentKBytesPerSec" : 0.12938653280978993
  },
  "HTTP Request-Blog" : {
    "transaction" : "HTTP Request-Blog",
    "sampleCount" : 50,
    "errorCount" : 0,
    "errorPct" : 0.0,
    "meanResTime" : 8367.760000000002,
    "minResTime" : 3748.0,
    "maxResTime" : 14449.0,
    "pct1ResTime" : 11610.5,
    "pct2ResTime" : 13539.0,
    "pct3ResTime" : 14449.0,
    "throughput" : 0.5588590333974158,
    "receivedKBytesPerSec" : 30.479647751151248,
    "sentKBytesPerSec" : 0.18665018498234004
  },
  "HTTP Request-Store-0" : {
    "transaction" : "HTTP Request-Store-0",
    "sampleCount" : 50,
    "errorCount" : 0,
    "errorPct" : 0.0,
    "meanResTime" : 2160.1399999999994,
    "minResTime" : 153.0,
    "maxResTime" : 4037.0,
    "pct1ResTime" : 3900.3,
    "pct2ResTime" : 4000.9,
    "pct3ResTime" : 4037.0,
    "throughput" : 0.9344571738277234,
    "receivedKBytesPerSec" : 0.5247196044442783,
    "sentKBytesPerSec" : 0.15057171257966248
  },
  "88.202.218.154 Swap" : {
    "transaction" : "88.202.218.154 Swap",
    "sampleCount" : 149,
    "errorCount" : 0,
    "errorPct" : 0.0,
    "meanResTime" : 8.388608E9,
    "minResTime" : 8.388608E9,
    "maxResTime" : 8.388608E9,
    "pct1ResTime" : 8.388608E9,
    "pct2ResTime" : 8.388608E9,
    "pct3ResTime" : 8.388608E9,
    "throughput" : 1.7761859593382285E-5,
    "receivedKBytesPerSec" : 0.0,
    "sentKBytesPerSec" : 0.0
  },
  "HTTP Request-Blog-Beauty-1" : {
    "transaction" : "HTTP Request-Blog-Beauty-1",
    "sampleCount" : 44,
    "errorCount" : 0,
    "errorPct" : 0.0,
    "meanResTime" : 4863.181818181818,
    "minResTime" : 1072.0,
    "maxResTime" : 12286.0,
    "pct1ResTime" : 10555.5,
    "pct2ResTime" : 12107.25,
    "pct3ResTime" : 12286.0,
    "throughput" : 0.5751408441499025,
    "receivedKBytesPerSec" : 20.15801259427735,
    "sentKBytesPerSec" : 0.09772901062703424
  },
  "HTTP Request-Blog-Beauty-0" : {
    "transaction" : "HTTP Request-Blog-Beauty-0",
    "sampleCount" : 44,
    "errorCount" : 0,
    "errorPct" : 0.0,
    "meanResTime" : 1327.9545454545455,
    "minResTime" : 312.0,
    "maxResTime" : 4138.0,
    "pct1ResTime" : 2106.0,
    "pct2ResTime" : 2726.75,
    "pct3ResTime" : 4138.0,
    "throughput" : 0.580283547642598,
    "receivedKBytesPerSec" : 0.3383098417408506,
    "sentKBytesPerSec" : 0.09860286844708209
  },
  "HTTP Request-Store-Accessories" : {
    "transaction" : "HTTP Request-Store-Accessories",
    "sampleCount" : 50,
    "errorCount" : 0,
    "errorPct" : 0.0,
    "meanResTime" : 9398.36,
    "minResTime" : 5086.0,
    "maxResTime" : 13806.0,
    "pct1ResTime" : 13109.3,
    "pct2ResTime" : 13501.95,
    "pct3ResTime" : 13806.0,
    "throughput" : 0.5358080521234073,
    "receivedKBytesPerSec" : 20.083383453711544,
    "sentKBytesPerSec" : 0.18104451761201068
  },
  "HTTP Request-Contact" : {
    "transaction" : "HTTP Request-Contact",
    "sampleCount" : 6,
    "errorCount" : 0,
    "errorPct" : 0.0,
    "meanResTime" : 9480.5,
    "minResTime" : 3724.0,
    "maxResTime" : 13009.0,
    "pct1ResTime" : 13009.0,
    "pct2ResTime" : 13009.0,
    "pct3ResTime" : 13009.0,
    "throughput" : 0.11811023622047244,
    "receivedKBytesPerSec" : 4.30423766609252,
    "sentKBytesPerSec" : 0.03667876476377953
  },
  "HTTP Request-Contact-0" : {
    "transaction" : "HTTP Request-Contact-0",
    "sampleCount" : 6,
    "errorCount" : 0,
    "errorPct" : 0.0,
    "meanResTime" : 2744.833333333333,
    "minResTime" : 626.0,
    "maxResTime" : 4540.0,
    "pct1ResTime" : 4540.0,
    "pct2ResTime" : 4540.0,
    "pct3ResTime" : 4540.0,
    "throughput" : 0.12393109431156277,
    "receivedKBytesPerSec" : 0.0681378965795018,
    "sentKBytesPerSec" : 0.01924320702689305
  },
  "88.202.218.154 TCP" : {
    "transaction" : "88.202.218.154 TCP",
    "sampleCount" : 149,
    "errorCount" : 0,
    "errorPct" : 0.0,
    "meanResTime" : 64718.120805369115,
    "minResTime" : 15000.0,
    "maxResTime" : 120000.0,
    "pct1ResTime" : 105000.0,
    "pct2ResTime" : 115000.0,
    "pct3ResTime" : 119500.0,
    "throughput" : 0.6528187310781148,
    "receivedKBytesPerSec" : 0.0,
    "sentKBytesPerSec" : 0.0
  },
  "HTTP Request-Contact-1" : {
    "transaction" : "HTTP Request-Contact-1",
    "sampleCount" : 6,
    "errorCount" : 0,
    "errorPct" : 0.0,
    "meanResTime" : 6735.666666666667,
    "minResTime" : 2386.0,
    "maxResTime" : 12383.0,
    "pct1ResTime" : 12383.0,
    "pct2ResTime" : 12383.0,
    "pct3ResTime" : 12383.0,
    "throughput" : 0.11958384820823534,
    "receivedKBytesPerSec" : 4.292192077819189,
    "sentKBytesPerSec" : 0.018568195180770918
  },
  "88.202.218.154 Network I/O" : {
    "transaction" : "88.202.218.154 Network I/O",
    "sampleCount" : 149,
    "errorCount" : 0,
    "errorPct" : 0.0,
    "meanResTime" : 2.6365999999999996E7,
    "minResTime" : 0.0,
    "maxResTime" : 2.32803E8,
    "pct1ResTime" : 6.0579E7,
    "pct2ResTime" : 7.7418E7,
    "pct3ResTime" : 2.228435E8,
    "throughput" : 6.396407351776471E-4,
    "receivedKBytesPerSec" : 0.0,
    "sentKBytesPerSec" : 0.0
  },
  "HTTP Request-Blog-0" : {
    "transaction" : "HTTP Request-Blog-0",
    "sampleCount" : 50,
    "errorCount" : 0,
    "errorPct" : 0.0,
    "meanResTime" : 1728.5999999999997,
    "minResTime" : 388.0,
    "maxResTime" : 4559.0,
    "pct1ResTime" : 3508.399999999999,
    "pct2ResTime" : 4398.8,
    "pct3ResTime" : 4559.0,
    "throughput" : 0.5817741785348599,
    "receivedKBytesPerSec" : 0.33577005811924043,
    "sentKBytesPerSec" : 0.0971517427045518
  },
  "HTTP Request-Blog-1" : {
    "transaction" : "HTTP Request-Blog-1",
    "sampleCount" : 50,
    "errorCount" : 0,
    "errorPct" : 0.0,
    "meanResTime" : 6639.020000000001,
    "minResTime" : 2626.0,
    "maxResTime" : 10855.0,
    "pct1ResTime" : 9871.9,
    "pct2ResTime" : 9970.449999999999,
    "pct3ResTime" : 10855.0,
    "throughput" : 0.5820654008684416,
    "receivedKBytesPerSec" : 31.409363140417458,
    "sentKBytesPerSec" : 0.09720037455908546
  },
  "HTTP Request-Blog-Beauty" : {
    "transaction" : "HTTP Request-Blog-Beauty",
    "sampleCount" : 44,
    "errorCount" : 0,
    "errorPct" : 0.0,
    "meanResTime" : 6191.477272727273,
    "minResTime" : 1786.0,
    "maxResTime" : 13396.0,
    "pct1ResTime" : 11304.0,
    "pct2ResTime" : 13090.5,
    "pct3ResTime" : 13396.0,
    "throughput" : 0.5680204487361545,
    "receivedKBytesPerSec" : 20.239611438511787,
    "sentKBytesPerSec" : 0.1930381993751775
  },
  "HTTP Request-Store" : {
    "transaction" : "HTTP Request-Store",
    "sampleCount" : 50,
    "errorCount" : 0,
    "errorPct" : 0.0,
    "meanResTime" : 8760.220000000001,
    "minResTime" : 3217.0,
    "maxResTime" : 15647.0,
    "pct1ResTime" : 12965.9,
    "pct2ResTime" : 14798.849999999999,
    "pct3ResTime" : 15647.0,
    "throughput" : 0.7694912124103542,
    "receivedKBytesPerSec" : 68.40803930753486,
    "sentKBytesPerSec" : 0.2479805664994306
  },
  "HTTP Request-About-Pres" : {
    "transaction" : "HTTP Request-About-Pres",
    "sampleCount" : 50,
    "errorCount" : 0,
    "errorPct" : 0.0,
    "meanResTime" : 9390.120000000003,
    "minResTime" : 4516.0,
    "maxResTime" : 16235.0,
    "pct1ResTime" : 15264.2,
    "pct2ResTime" : 15714.699999999999,
    "pct3ResTime" : 16235.0,
    "throughput" : 0.5308531872425363,
    "receivedKBytesPerSec" : 23.2751024712543,
    "sentKBytesPerSec" : 0.16692844364462564
  },
  "HTTP Request-Store-Accessories-0" : {
    "transaction" : "HTTP Request-Store-Accessories-0",
    "sampleCount" : 50,
    "errorCount" : 0,
    "errorPct" : 0.0,
    "meanResTime" : 1750.4199999999998,
    "minResTime" : 167.0,
    "maxResTime" : 3798.0,
    "pct1ResTime" : 3313.1,
    "pct2ResTime" : 3796.9,
    "pct3ResTime" : 3798.0,
    "throughput" : 0.5805110819565545,
    "receivedKBytesPerSec" : 0.33730868531655267,
    "sentKBytesPerSec" : 0.09807462615086322
  },
  "HTTP Request-Store-Accessories-1" : {
    "transaction" : "HTTP Request-Store-Accessories-1",
    "sampleCount" : 50,
    "errorCount" : 0,
    "errorPct" : 0.0,
    "meanResTime" : 7647.620000000001,
    "minResTime" : 3316.0,
    "maxResTime" : 12518.0,
    "pct1ResTime" : 11722.8,
    "pct2ResTime" : 12366.3,
    "pct3ResTime" : 12518.0,
    "throughput" : 0.5461675423552929,
    "receivedKBytesPerSec" : 20.154329026347124,
    "sentKBytesPerSec" : 0.09227244612057195
  },
  "HTTP Request-About-Pres-1" : {
    "transaction" : "HTTP Request-About-Pres-1",
    "sampleCount" : 50,
    "errorCount" : 0,
    "errorPct" : 0.0,
    "meanResTime" : 7108.62,
    "minResTime" : 1298.0,
    "maxResTime" : 12803.0,
    "pct1ResTime" : 11926.699999999999,
    "pct2ResTime" : 12478.35,
    "pct3ResTime" : 12803.0,
    "throughput" : 0.5493539597433418,
    "receivedKBytesPerSec" : 23.782080125335103,
    "sentKBytesPerSec" : 0.08637303468620901
  },
  "HTTP Request-About-Pres-0" : {
    "transaction" : "HTTP Request-About-Pres-0",
    "sampleCount" : 50,
    "errorCount" : 0,
    "errorPct" : 0.0,
    "meanResTime" : 2281.2200000000007,
    "minResTime" : 317.0,
    "maxResTime" : 6849.0,
    "pct1ResTime" : 4722.0,
    "pct2ResTime" : 6306.649999999996,
    "pct3ResTime" : 6849.0,
    "throughput" : 0.5566441040256502,
    "receivedKBytesPerSec" : 0.30821992869389025,
    "sentKBytesPerSec" : 0.08751923901184538
  },
  "HTTP Request-Store-Lips-0" : {
    "transaction" : "HTTP Request-Store-Lips-0",
    "sampleCount" : 50,
    "errorCount" : 0,
    "errorPct" : 0.0,
    "meanResTime" : 2201.7000000000003,
    "minResTime" : 298.0,
    "maxResTime" : 5923.0,
    "pct1ResTime" : 4601.8,
    "pct2ResTime" : 5370.399999999998,
    "pct3ResTime" : 5923.0,
    "throughput" : 0.797804442175134,
    "receivedKBytesPerSec" : 0.46356801083418436,
    "sentKBytesPerSec" : 0.1347853207971662
  },
  "HTTP Request-Store-Lips-1" : {
    "transaction" : "HTTP Request-Store-Lips-1",
    "sampleCount" : 50,
    "errorCount" : 0,
    "errorPct" : 0.0,
    "meanResTime" : 6266.78,
    "minResTime" : 1748.0,
    "maxResTime" : 11889.0,
    "pct1ResTime" : 11491.6,
    "pct2ResTime" : 11822.85,
    "pct3ResTime" : 11889.0,
    "throughput" : 0.7095519888742248,
    "receivedKBytesPerSec" : 38.15227783927229,
    "sentKBytesPerSec" : 0.11987548249535243
  },
  "HTTP Request--Youtube" : {
    "transaction" : "HTTP Request--Youtube",
    "sampleCount" : 20,
    "errorCount" : 0,
    "errorPct" : 0.0,
    "meanResTime" : 11997.2,
    "minResTime" : 3973.0,
    "maxResTime" : 23811.0,
    "pct1ResTime" : 20903.40000000001,
    "pct2ResTime" : 23682.8,
    "pct3ResTime" : 23811.0,
    "throughput" : 0.28998956037582646,
    "receivedKBytesPerSec" : 47.28347748231064,
    "sentKBytesPerSec" : 0.09515282449831805
  },
  "HTTP Request-Blog-LifeStyle-0" : {
    "transaction" : "HTTP Request-Blog-LifeStyle-0",
    "sampleCount" : 27,
    "errorCount" : 0,
    "errorPct" : 0.0,
    "meanResTime" : 1611.5925925925928,
    "minResTime" : 119.0,
    "maxResTime" : 4459.0,
    "pct1ResTime" : 3967.9999999999995,
    "pct2ResTime" : 4389.0,
    "pct3ResTime" : 4459.0,
    "throughput" : 0.3963477290743078,
    "receivedKBytesPerSec" : 0.23104515152960864,
    "sentKBytesPerSec" : 0.06734814927629841
  },
  "HTTP Request-Blog-LifeStyle-1" : {
    "transaction" : "HTTP Request-Blog-LifeStyle-1",
    "sampleCount" : 27,
    "errorCount" : 0,
    "errorPct" : 0.0,
    "meanResTime" : 3870.7777777777783,
    "minResTime" : 645.0,
    "maxResTime" : 11688.0,
    "pct1ResTime" : 7687.399999999997,
    "pct2ResTime" : 11459.599999999999,
    "pct3ResTime" : 11688.0,
    "throughput" : 0.38533995547182737,
    "receivedKBytesPerSec" : 13.169252213028772,
    "sentKBytesPerSec" : 0.06547768774618942
  },
  "HTTP Request-Blog-Fashion-0" : {
    "transaction" : "HTTP Request-Blog-Fashion-0",
    "sampleCount" : 50,
    "errorCount" : 0,
    "errorPct" : 0.0,
    "meanResTime" : 1463.7800000000002,
    "minResTime" : 390.0,
    "maxResTime" : 6529.0,
    "pct1ResTime" : 3257.5999999999995,
    "pct2ResTime" : 3767.099999999998,
    "pct3ResTime" : 6529.0,
    "throughput" : 0.6124073733847756,
    "receivedKBytesPerSec" : 0.3570382831159287,
    "sentKBytesPerSec" : 0.10406140914936617
  },
  "HTTP Request-Blog-Fashion-1" : {
    "transaction" : "HTTP Request-Blog-Fashion-1",
    "sampleCount" : 50,
    "errorCount" : 0,
    "errorPct" : 0.0,
    "meanResTime" : 6762.420000000002,
    "minResTime" : 2221.0,
    "maxResTime" : 12887.0,
    "pct1ResTime" : 11843.4,
    "pct2ResTime" : 12115.0,
    "pct3ResTime" : 12887.0,
    "throughput" : 0.6072751563733527,
    "receivedKBytesPerSec" : 30.86547147324953,
    "sentKBytesPerSec" : 0.10318933321187831
  },
  "HTTP Request-Website-1" : {
    "transaction" : "HTTP Request-Website-1",
    "sampleCount" : 50,
    "errorCount" : 0,
    "errorPct" : 0.0,
    "meanResTime" : 5631.3,
    "minResTime" : 1636.0,
    "maxResTime" : 9775.0,
    "pct1ResTime" : 8893.1,
    "pct2ResTime" : 9383.35,
    "pct3ResTime" : 9775.0,
    "throughput" : 0.9707795359673818,
    "receivedKBytesPerSec" : 42.46591653722939,
    "sentKBytesPerSec" : 0.11565928065236385
  },
  "HTTP Request-Website-0" : {
    "transaction" : "HTTP Request-Website-0",
    "sampleCount" : 50,
    "errorCount" : 0,
    "errorPct" : 0.0,
    "meanResTime" : 2187.24,
    "minResTime" : 243.0,
    "maxResTime" : 4061.0,
    "pct1ResTime" : 3978.7,
    "pct2ResTime" : 4059.45,
    "pct3ResTime" : 4061.0,
    "throughput" : 1.136621959536258,
    "receivedKBytesPerSec" : 0.5339015259149806,
    "sentKBytesPerSec" : 0.1354178506478745
  },
  "HTTP Request-About-1" : {
    "transaction" : "HTTP Request-About-1",
    "sampleCount" : 50,
    "errorCount" : 0,
    "errorPct" : 0.0,
    "meanResTime" : 6846.12,
    "minResTime" : 1384.0,
    "maxResTime" : 12496.0,
    "pct1ResTime" : 10509.4,
    "pct2ResTime" : 11312.449999999999,
    "pct3ResTime" : 12496.0,
    "throughput" : 0.5456073155028862,
    "receivedKBytesPerSec" : 19.76760879409871,
    "sentKBytesPerSec" : 0.08578396269137176
  },
  "HTTP Request-About-0" : {
    "transaction" : "HTTP Request-About-0",
    "sampleCount" : 50,
    "errorCount" : 0,
    "errorPct" : 0.0,
    "meanResTime" : 1991.8800000000003,
    "minResTime" : 506.0,
    "maxResTime" : 4056.0,
    "pct1ResTime" : 3771.3999999999996,
    "pct2ResTime" : 3903.8499999999995,
    "pct3ResTime" : 4056.0,
    "throughput" : 0.5634564673533323,
    "receivedKBytesPerSec" : 0.31199200877865174,
    "sentKBytesPerSec" : 0.0885903234803579
  },
  "HTTP Request-Store-Eyes&Brows" : {
    "transaction" : "HTTP Request-Store-Eyes&Brows",
    "sampleCount" : 50,
    "errorCount" : 0,
    "errorPct" : 0.0,
    "meanResTime" : 8702.02,
    "minResTime" : 3910.0,
    "maxResTime" : 12510.0,
    "pct1ResTime" : 11448.5,
    "pct2ResTime" : 12325.15,
    "pct3ResTime" : 12510.0,
    "throughput" : 0.6221304234219661,
    "receivedKBytesPerSec" : 26.336652075116028,
    "sentKBytesPerSec" : 0.2102120376015628
  },
  "HTTP Request-Website" : {
    "transaction" : "HTTP Request-Website",
    "sampleCount" : 50,
    "errorCount" : 0,
    "errorPct" : 0.0,
    "meanResTime" : 7819.499999999999,
    "minResTime" : 2141.0,
    "maxResTime" : 13012.0,
    "pct1ResTime" : 12362.1,
    "pct2ResTime" : 12909.0,
    "pct3ResTime" : 13012.0,
    "throughput" : 0.966146235894265,
    "receivedKBytesPerSec" : 42.717061357532074,
    "sentKBytesPerSec" : 0.2302145327716803
  },
  "88.202.218.154 CPU" : {
    "transaction" : "88.202.218.154 CPU",
    "sampleCount" : 149,
    "errorCount" : 0,
    "errorPct" : 0.0,
    "meanResTime" : 39939.79865771811,
    "minResTime" : 1745.0,
    "maxResTime" : 100000.0,
    "pct1ResTime" : 89775.0,
    "pct2ResTime" : 97740.0,
    "pct3ResTime" : 100000.0,
    "throughput" : 0.5906159450449701,
    "receivedKBytesPerSec" : 0.0,
    "sentKBytesPerSec" : 0.0
  },
  "HTTP Request-Store-Lips" : {
    "transaction" : "HTTP Request-Store-Lips",
    "sampleCount" : 50,
    "errorCount" : 0,
    "errorPct" : 0.0,
    "meanResTime" : 8468.68,
    "minResTime" : 2666.0,
    "maxResTime" : 14533.0,
    "pct1ResTime" : 13758.3,
    "pct2ResTime" : 13841.15,
    "pct3ResTime" : 14533.0,
    "throughput" : 0.700142829137144,
    "receivedKBytesPerSec" : 38.053173003542724,
    "sentKBytesPerSec" : 0.2365716981264178
  },
  "HTTP Request--Youtube-1" : {
    "transaction" : "HTTP Request--Youtube-1",
    "sampleCount" : 20,
    "errorCount" : 0,
    "errorPct" : 0.0,
    "meanResTime" : 9397.750000000002,
    "minResTime" : 3749.0,
    "maxResTime" : 16794.0,
    "pct1ResTime" : 16110.300000000001,
    "pct2ResTime" : 16761.399999999998,
    "pct3ResTime" : 16794.0,
    "throughput" : 0.30551142612733717,
    "receivedKBytesPerSec" : 49.639878406452404,
    "sentKBytesPerSec" : 0.05012296834901626
  },
  "88.202.218.154 Memory" : {
    "transaction" : "88.202.218.154 Memory",
    "sampleCount" : 149,
    "errorCount" : 0,
    "errorPct" : 0.0,
    "meanResTime" : 63532.75838926173,
    "minResTime" : 52136.0,
    "maxResTime" : 68944.0,
    "pct1ResTime" : 68320.0,
    "pct2ResTime" : 68642.5,
    "pct3ResTime" : 68873.0,
    "throughput" : 0.6929587945307414,
    "receivedKBytesPerSec" : 0.0,
    "sentKBytesPerSec" : 0.0
  },
  "HTTP Request-Store-Face" : {
    "transaction" : "HTTP Request-Store-Face",
    "sampleCount" : 50,
    "errorCount" : 0,
    "errorPct" : 0.0,
    "meanResTime" : 10605.699999999999,
    "minResTime" : 4555.0,
    "maxResTime" : 16445.0,
    "pct1ResTime" : 14681.4,
    "pct2ResTime" : 15953.149999999998,
    "pct3ResTime" : 16445.0,
    "throughput" : 0.5568424803991447,
    "receivedKBytesPerSec" : 29.50014425700508,
    "sentKBytesPerSec" : 0.18815185372861726
  },
  "HTTP Request--Youtube-0" : {
    "transaction" : "HTTP Request--Youtube-0",
    "sampleCount" : 20,
    "errorCount" : 0,
    "errorPct" : 0.0,
    "meanResTime" : 2599.3,
    "minResTime" : 118.0,
    "maxResTime" : 7017.0,
    "pct1ResTime" : 6693.500000000002,
    "pct2ResTime" : 7004.349999999999,
    "pct3ResTime" : 7017.0,
    "throughput" : 0.30749361950739523,
    "receivedKBytesPerSec" : 0.17560768426555148,
    "sentKBytesPerSec" : 0.050448171950432025
  },
  "HTTP Request-About" : {
    "transaction" : "HTTP Request-About",
    "sampleCount" : 50,
    "errorCount" : 0,
    "errorPct" : 0.0,
    "meanResTime" : 8838.1,
    "minResTime" : 5185.0,
    "maxResTime" : 13416.0,
    "pct1ResTime" : 12159.099999999999,
    "pct2ResTime" : 12500.6,
    "pct3ResTime" : 13416.0,
    "throughput" : 0.5285077056423483,
    "receivedKBytesPerSec" : 19.440722410576498,
    "sentKBytesPerSec" : 0.16619089962581654
  },
  "HTTP Request-Store-Eyes&Brows-1" : {
    "transaction" : "HTTP Request-Store-Eyes&Brows-1",
    "sampleCount" : 50,
    "errorCount" : 0,
    "errorPct" : 0.0,
    "meanResTime" : 6788.02,
    "minResTime" : 2205.0,
    "maxResTime" : 11164.0,
    "pct1ResTime" : 9770.8,
    "pct2ResTime" : 10711.7,
    "pct3ResTime" : 11164.0,
    "throughput" : 0.6301038411130154,
    "receivedKBytesPerSec" : 26.308066038033065,
    "sentKBytesPerSec" : 0.10645309034428874
  },
  "HTTP Request-Store-Face-1" : {
    "transaction" : "HTTP Request-Store-Face-1",
    "sampleCount" : 50,
    "errorCount" : 0,
    "errorPct" : 0.0,
    "meanResTime" : 8672.78,
    "minResTime" : 3363.0,
    "maxResTime" : 12992.0,
    "pct1ResTime" : 11727.199999999999,
    "pct2ResTime" : 12839.75,
    "pct3ResTime" : 12992.0,
    "throughput" : 0.5606323933396872,
    "receivedKBytesPerSec" : 29.375166437741772,
    "sentKBytesPerSec" : 0.09471621489039636
  },
  "Total" : {
    "transaction" : "Total",
    "sampleCount" : 2685,
    "errorCount" : 0,
    "errorPct" : 0.0,
    "meanResTime" : 6.870296211387725E15,
    "minResTime" : 0.0,
    "maxResTime" : 9.223372036854776E18,
    "pct1ResTime" : 1.2536800000000004E7,
    "pct2ResTime" : 8.388608E9,
    "pct3ResTime" : 8.388608E9,
    "throughput" : 3.2007109397682134E-4,
    "receivedKBytesPerSec" : 0.0074689765087104735,
    "sentKBytesPerSec" : 4.60847242037623E-5
  },
  "HTTP Request-Store-Eyes&Brows-0" : {
    "transaction" : "HTTP Request-Store-Eyes&Brows-0",
    "sampleCount" : 50,
    "errorCount" : 0,
    "errorPct" : 0.0,
    "meanResTime" : 1913.64,
    "minResTime" : 578.0,
    "maxResTime" : 5132.0,
    "pct1ResTime" : 3146.4999999999995,
    "pct2ResTime" : 3833.2499999999977,
    "pct3ResTime" : 5132.0,
    "throughput" : 0.7225015895034969,
    "receivedKBytesPerSec" : 0.4198129353072077,
    "sentKBytesPerSec" : 0.12206325682041502
  },
  "HTTP Request-Store-Face-0" : {
    "transaction" : "HTTP Request-Store-Face-0",
    "sampleCount" : 50,
    "errorCount" : 0,
    "errorPct" : 0.0,
    "meanResTime" : 1932.66,
    "minResTime" : 555.0,
    "maxResTime" : 5167.0,
    "pct1ResTime" : 3830.5,
    "pct2ResTime" : 4675.449999999996,
    "pct3ResTime" : 5167.0,
    "throughput" : 0.6501950585175553,
    "receivedKBytesPerSec" : 0.3777988865409623,
    "sentKBytesPerSec" : 0.10984740734720415
  },
  "HTTP Request-Blog-LifeStyle" : {
    "transaction" : "HTTP Request-Blog-LifeStyle",
    "sampleCount" : 27,
    "errorCount" : 0,
    "errorPct" : 0.0,
    "meanResTime" : 5482.6296296296305,
    "minResTime" : 766.0,
    "maxResTime" : 12161.0,
    "pct1ResTime" : 9378.399999999998,
    "pct2ResTime" : 12157.4,
    "pct3ResTime" : 12161.0,
    "throughput" : 0.3734543140889098,
    "receivedKBytesPerSec" : 12.980752190586184,
    "sentKBytesPerSec" : 0.12691611455365293
  },
  "88.202.218.154 Disks I/O" : {
    "transaction" : "88.202.218.154 Disks I/O",
    "sampleCount" : 149,
    "errorCount" : 0,
    "errorPct" : 0.0,
    "meanResTime" : 1.23803651501406432E17,
    "minResTime" : 0.0,
    "maxResTime" : 9.223372036854776E18,
    "pct1ResTime" : 0.0,
    "pct2ResTime" : 0.0,
    "pct3ResTime" : 9.223372036854776E18,
    "throughput" : 0.9720835861403062,
    "receivedKBytesPerSec" : 0.0,
    "sentKBytesPerSec" : 0.0
  }
}